model_term,beta
(Intercept),6.751192352484307
LNBodyWt,-0.6976208818528077
LNLifeSpan,2.854978027760241
Gestation,-0.019777967673967348
PredF2,13.997899450978512
PredF3,11.883376274939726
PredF4,2.6535807981915913
PredF5,-0.7817459178496349
LNLifeSpan:PredF2,-5.36675424652238
LNLifeSpan:PredF3,-7.390019442481531
LNLifeSpan:PredF4,-0.9408554375751829
LNLifeSpan:PredF5,-1.0427379023296146
